link,ctx,src,tp,count,dst[0],dst[1],dst[2],dst[3],dst[4],dst[5],dst[6],dst[7],dst[8],dst[9],dst[10],dst[11],dst[12],dst[13],dst[14],dst[15]
5131,1138,3,1,1,5074,5080,5086,5092,5098,5104,5110,5116,,,,,,,,
5132,1138,3,1,1,5075,5078,5081,5084,5087,5090,5093,5096,5099,5102,5105,5108,5111,5114,5117,5120
5133,1138,3,1,1,5077,5083,5089,5095,5101,5107,5113,5119,,,,,,,,
5137,1147,1146,2,8192,5121,,,,,,,,,,,,,,,
5141,1160,1159,2,8192,5122,,,,,,,,,,,,,,,
5145,1173,1172,2,8192,5123,,,,,,,,,,,,,,,
5149,1186,1185,2,8192,5124,,,,,,,,,,,,,,,
5153,1199,1198,2,8192,5125,,,,,,,,,,,,,,,
5157,1212,1211,2,8192,5126,,,,,,,,,,,,,,,
5161,1225,1224,2,8192,5127,,,,,,,,,,,,,,,
5165,1238,1237,2,8192,5128,,,,,,,,,,,,,,,
5169,1251,1250,2,8192,5121,,,,,,,,,,,,,,,
5173,1264,1263,2,8192,5122,,,,,,,,,,,,,,,
5177,1277,1276,2,8192,5123,,,,,,,,,,,,,,,
5181,1290,1289,2,8192,5124,,,,,,,,,,,,,,,
5185,1303,1302,2,8192,5125,,,,,,,,,,,,,,,
5189,1316,1315,2,8192,5126,,,,,,,,,,,,,,,
5193,1329,1328,2,8192,5127,,,,,,,,,,,,,,,
5197,1342,1341,2,8192,5128,,,,,,,,,,,,,,,
5200,1072,5073,2,8192,1146,,,,,,,,,,,,,,,
5202,1073,5074,1,4,5073,,,,,,,,,,,,,,,
5203,1073,5074,1,4,5073,,,,,,,,,,,,,,,
5205,1074,5075,2,8192,1146,,,,,,,,,,,,,,,
5206,1074,5075,2,8192,1146,,,,,,,,,,,,,,,
5209,1075,5076,2,8192,1250,,,,,,,,,,,,,,,
5211,1076,5077,1,4,5076,,,,,,,,,,,,,,,
5212,1076,5077,1,4,5076,,,,,,,,,,,,,,,
5214,1077,5078,2,8192,1250,,,,,,,,,,,,,,,
5215,1077,5078,2,8192,1250,,,,,,,,,,,,,,,
5218,1079,5079,2,8192,1159,,,,,,,,,,,,,,,
5220,1080,5080,1,4,5079,,,,,,,,,,,,,,,
5221,1080,5080,1,4,5079,,,,,,,,,,,,,,,
5223,1081,5081,2,8192,1159,,,,,,,,,,,,,,,
5224,1081,5081,2,8192,1159,,,,,,,,,,,,,,,
5227,1082,5082,2,8192,1263,,,,,,,,,,,,,,,
5229,1083,5083,1,4,5082,,,,,,,,,,,,,,,
5230,1083,5083,1,4,5082,,,,,,,,,,,,,,,
5232,1084,5084,2,8192,1263,,,,,,,,,,,,,,,
5233,1084,5084,2,8192,1263,,,,,,,,,,,,,,,
5236,1086,5085,2,8192,1172,,,,,,,,,,,,,,,
5238,1087,5086,1,4,5085,,,,,,,,,,,,,,,
5239,1087,5086,1,4,5085,,,,,,,,,,,,,,,
5241,1088,5087,2,8192,1172,,,,,,,,,,,,,,,
5242,1088,5087,2,8192,1172,,,,,,,,,,,,,,,
5245,1089,5088,2,8192,1276,,,,,,,,,,,,,,,
5247,1090,5089,1,4,5088,,,,,,,,,,,,,,,
5248,1090,5089,1,4,5088,,,,,,,,,,,,,,,
5250,1091,5090,2,8192,1276,,,,,,,,,,,,,,,
5251,1091,5090,2,8192,1276,,,,,,,,,,,,,,,
5254,1093,5091,2,8192,1185,,,,,,,,,,,,,,,
5256,1094,5092,1,4,5091,,,,,,,,,,,,,,,
5257,1094,5092,1,4,5091,,,,,,,,,,,,,,,
5259,1095,5093,2,8192,1185,,,,,,,,,,,,,,,
5260,1095,5093,2,8192,1185,,,,,,,,,,,,,,,
5263,1096,5094,2,8192,1289,,,,,,,,,,,,,,,
5265,1097,5095,1,4,5094,,,,,,,,,,,,,,,
5266,1097,5095,1,4,5094,,,,,,,,,,,,,,,
5268,1098,5096,2,8192,1289,,,,,,,,,,,,,,,
5269,1098,5096,2,8192,1289,,,,,,,,,,,,,,,
5272,1100,5097,2,8192,1198,,,,,,,,,,,,,,,
5274,1101,5098,1,4,5097,,,,,,,,,,,,,,,
5275,1101,5098,1,4,5097,,,,,,,,,,,,,,,
5277,1102,5099,2,8192,1198,,,,,,,,,,,,,,,
5278,1102,5099,2,8192,1198,,,,,,,,,,,,,,,
5281,1103,5100,2,8192,1302,,,,,,,,,,,,,,,
5283,1104,5101,1,4,5100,,,,,,,,,,,,,,,
5284,1104,5101,1,4,5100,,,,,,,,,,,,,,,
5286,1105,5102,2,8192,1302,,,,,,,,,,,,,,,
5287,1105,5102,2,8192,1302,,,,,,,,,,,,,,,
5290,1107,5103,2,8192,1211,,,,,,,,,,,,,,,
5292,1108,5104,1,4,5103,,,,,,,,,,,,,,,
5293,1108,5104,1,4,5103,,,,,,,,,,,,,,,
5295,1109,5105,2,8192,1211,,,,,,,,,,,,,,,
5296,1109,5105,2,8192,1211,,,,,,,,,,,,,,,
5299,1110,5106,2,8192,1315,,,,,,,,,,,,,,,
5301,1111,5107,1,4,5106,,,,,,,,,,,,,,,
5302,1111,5107,1,4,5106,,,,,,,,,,,,,,,
5304,1112,5108,2,8192,1315,,,,,,,,,,,,,,,
5305,1112,5108,2,8192,1315,,,,,,,,,,,,,,,
5308,1114,5109,2,8192,1224,,,,,,,,,,,,,,,
5310,1115,5110,1,4,5109,,,,,,,,,,,,,,,
5311,1115,5110,1,4,5109,,,,,,,,,,,,,,,
5313,1116,5111,2,8192,1224,,,,,,,,,,,,,,,
5314,1116,5111,2,8192,1224,,,,,,,,,,,,,,,
5317,1117,5112,2,8192,1328,,,,,,,,,,,,,,,
5319,1118,5113,1,4,5112,,,,,,,,,,,,,,,
5320,1118,5113,1,4,5112,,,,,,,,,,,,,,,
5322,1119,5114,2,8192,1328,,,,,,,,,,,,,,,
5323,1119,5114,2,8192,1328,,,,,,,,,,,,,,,
5326,1121,5115,2,8192,1237,,,,,,,,,,,,,,,
5328,1122,5116,1,4,5115,,,,,,,,,,,,,,,
5329,1122,5116,1,4,5115,,,,,,,,,,,,,,,
5331,1123,5117,2,8192,1237,,,,,,,,,,,,,,,
5332,1123,5117,2,8192,1237,,,,,,,,,,,,,,,
5335,1124,5118,2,8192,1341,,,,,,,,,,,,,,,
5337,1125,5119,1,4,5118,,,,,,,,,,,,,,,
5338,1125,5119,1,4,5118,,,,,,,,,,,,,,,
5340,1126,5120,2,8192,1341,,,,,,,,,,,,,,,
5341,1126,5120,2,8192,1341,,,,,,,,,,,,,,,
5344,1127,5121,2,4,8979,8980,,,,,,,,,,,,,,
5347,1128,5122,2,4,8980,,,,,,,,,,,,,,,
5350,1129,5123,2,4,8978,,,,,,,,,,,,,,,
5353,1130,5124,2,4,8978,,,,,,,,,,,,,,,
5356,1131,5125,2,4,8982,,,,,,,,,,,,,,,
5359,1132,5126,2,4,8982,,,,,,,,,,,,,,,
5362,1133,5127,2,4,8983,,,,,,,,,,,,,,,
5365,1134,5128,2,4,8983,,,,,,,,,,,,,,,
5374,8715,8975,1,1,3,,,,,,,,,,,,,,,
8985,8715,8975,1,4,8977,,,,,,,,,,,,,,,
8989,8716,8976,1,4,8975,,,,,,,,,,,,,,,
8994,8717,8977,1,4,8976,,,,,,,,,,,,,,,
8995,8717,8977,1,4,8976,,,,,,,,,,,,,,,
9000,8718,8978,1,4,8977,,,,,,,,,,,,,,,
9001,8718,8978,1,4,8977,,,,,,,,,,,,,,,
9004,8719,8979,1,4,8978,,,,,,,,,,,,,,,
9007,8720,8980,1,4,8979,,,,,,,,,,,,,,,
9011,8721,8981,1,4,8978,,,,,,,,,,,,,,,
9015,8722,8982,1,4,8981,,,,,,,,,,,,,,,
9016,8722,8982,1,4,8981,,,,,,,,,,,,,,,
9019,8723,8983,1,4,8982,,,,,,,,,,,,,,,
9020,8723,8983,1,4,8977,,,,,,,,,,,,,,,
9021,8723,8983,1,4,8976,,,,,,,,,,,,,,,
9022,8723,8983,1,4,8981,,,,,,,,,,,,,,,
