link,ctx,src,tp,count,dst[0],dst[1],dst[2],dst[3],dst[4],dst[5],dst[6],dst[7],dst[8]
1402,409,3,1,1,1392,,,,,,,,
1403,409,3,1,1,1393,1396,1397,1398,1399,1400,,,
1406,430,413,2,65536,456,460,464,468,472,476,5143,5146,5147
1408,457,456,2,65536,5134,,,,,,,,
1410,461,460,2,65536,5139,,,,,,,,
1412,465,464,2,65536,5134,,,,,,,,
1414,469,468,2,65536,5134,,,,,,,,
1416,473,472,2,65536,5138,,,,,,,,
1418,477,476,2,65536,5136,,,,,,,,
1422,481,480,2,65536,1391,,,,,,,,
1437,405,1391,1,32,1394,,,,,,,,
1439,406,1392,1,32,1391,,,,,,,,
1440,406,1392,1,32,1391,,,,,,,,
1442,407,1393,2,65536,1391,,,,,,,,
1444,408,1394,1,1,3,,,,,,,,
1458,415,1396,2,65536,5325,,,,,,,,
1459,415,1396,2,65536,5325,,,,,,,,
1461,418,1397,2,65536,5325,,,,,,,,
1462,418,1397,2,65536,5325,,,,,,,,
1464,421,1398,2,65536,5325,,,,,,,,
1465,421,1398,2,65536,5325,,,,,,,,
1467,424,1399,2,65536,5325,,,,,,,,
1468,424,1399,2,65536,5325,,,,,,,,
1470,427,1400,2,65536,5324,,,,,,,,
1471,427,1400,2,65536,5324,,,,,,,,
1430,4812,5134,2,65536,480,,,,,,,,
5160,4813,5135,2,65536,5134,,,,,,,,
5161,4813,5135,2,65536,5134,,,,,,,,
5162,4813,5135,2,65536,5134,,,,,,,,
5170,4814,5136,2,65536,5135,,,,,,,,
5171,4814,5136,2,65536,5134,,,,,,,,
5176,4815,5137,2,65536,5136,,,,,,,,
5177,4815,5137,2,65536,5136,,,,,,,,
5178,4815,5137,2,65536,5135,5136,,,,,,,
5185,4816,5138,2,65536,5136,,,,,,,,
5186,4816,5138,2,65536,5136,5137,,,,,,,
5192,4817,5139,2,65536,5138,,,,,,,,
5193,4817,5139,2,65536,5138,,,,,,,,
5197,4818,5140,2,65536,5136,5139,,,,,,,
5198,4818,5140,2,65536,5138,,,,,,,,
5199,4818,5140,2,65536,5139,,,,,,,,
5200,4818,5140,2,65536,5139,,,,,,,,
5210,4819,5141,2,65536,5139,5140,,,,,,,
5211,4819,5141,2,65536,5138,5140,,,,,,,
5212,4819,5141,2,65536,5138,5140,,,,,,,
5218,4820,5142,2,65536,5137,5141,,,,,,,
5219,4820,5142,2,65536,5137,5141,,,,,,,
5220,4820,5142,2,65536,5141,,,,,,,,
5221,4820,5142,2,65536,5141,,,,,,,,
5227,4821,5143,2,65536,5137,5141,5142,,,,,,
5228,4821,5143,2,65536,5141,5142,,,,,,,
5229,4821,5143,2,65536,5135,,,,,,,,
5230,4821,5143,2,65536,5135,,,,,,,,
5234,4822,5144,2,65536,5142,,,,,,,,
5235,4822,5144,2,65536,5135,5143,,,,,,,
5236,4822,5144,2,65536,5141,,,,,,,,
5237,4822,5144,2,65536,5141,,,,,,,,
5246,4823,5145,2,65536,5143,,,,,,,,
5247,4823,5145,2,65536,5142,5144,,,,,,,
5248,4823,5145,2,65536,5141,5144,,,,,,,
5249,4823,5145,2,65536,5142,5144,,,,,,,
5251,4824,5146,2,65536,5143,5145,,,,,,,
5252,4824,5146,2,65536,5145,,,,,,,,
5253,4824,5146,2,65536,5145,,,,,,,,
5254,4824,5146,2,65536,5145,,,,,,,,
1431,4825,5147,2,65536,480,,,,,,,,
1432,4825,5147,2,65536,480,,,,,,,,
5256,4825,5147,2,65536,5145,,,,,,,,
5257,4825,5147,2,65536,5145,,,,,,,,
5258,4825,5147,2,65536,5143,5145,,,,,,,
5259,4825,5147,2,65536,5145,,,,,,,,
1456,5260,5324,2,65536,413,,,,,,,,
1455,5260,5324,2,65536,413,,,,,,,,
5340,5261,5325,2,65536,5324,,,,,,,,
5341,5261,5325,2,65536,5324,,,,,,,,
5342,5261,5325,2,65536,5324,,,,,,,,
5343,5261,5325,2,65536,5324,,,,,,,,
